{"Light": {"startupTime": 2, "shutdownTime": 2, "SIGMA_MOTOR_CYCLES": 5, "RUNTIME_SIGMA_ALG_ENABLE": 1, "RUNTIME_SIGMA_BOUND": 1.0, "runtime": [1096.0002653598785, 94.50007057189941, 79.00028967857361, 10.000062227249146], "meanRuntime": 319.8751719594002, "stdevRuntime": 449.223605089003, "POWER_SIGMA_ALG_ENABLE": 1, "POWER_SIGMA_BOUND": 1.0, "power": [1926.39244159414, 1902.3348066298338, 1945.0560000000014, 1924.375], "meanPower": 1924.5395620559939, "stdevPower": 15.14459996747233, "HP_ALG_ENABLE": 0, "MOTOR_HP": 0.5, "MOTOR_LOW_HP": 0.5, "MOTOR_HIGH_HP": 1.15}}